word_lookup,word_return
Adventure,Adventure
Airforce,Airforce
Airport,Airport
Anniversary,"Anniversary, Celebration"
Apartment,Apartment
Aquarium,Aquarium
Award,Award
Awards,Award
Baby,Baby
Backyard,Backyard
Band,Band
Bathroom,Bathroom
BBQ,BBQ
Beach,Beach
Bike,Cycling
Biking,Cycling
Birth,Birth
Birthday,"Birthday, Celebration"
Boat,Boat
Bonfire,Bonfire
Book,Book
Bouldering,"Bouldering, Climbing"
Branch,Branch
Bridge,Bridge
Building,Building
Butterfly,Butterfly
Cabin,Cabin
Cake,Cake
Camosun,"Camosun, School"
Camp,Camping
Camping,Camping
Canyon,Canyon
Castle,Castle
Cat,Cat
Cathedral,Cathedral
Cave,Cave
Celebrating,Celebrating
Celebration,Celebration
Centre,Centre
Ceremony,Ceremony
Christmas,Christmas
Climbing,Climbing
College,College
Condo,Condo
Costume,Costume
Crafting,Crafting
Creek,Creek
Cycling,Cycling
Cyclone Fighting Arts,"Cyclone Fighting Arts, Martial Arts"
Daintree,Daintree
Decorating,Decorating
Dogs,Dog
Dog,Dog
Dojo,"Dojo, Martial Arts"
Drawings,"Drawing, Art"
Drawing,"Drawing, Art"
Driving,Driving
Egg,Egg
Elementary,Elementary
Elephant,Elephant
Exploring,Exploring
Falls,Falls
Farm,Farm
Feeding,Feeding
Ferry,Ferry
Festival,Festival
Fire,Fire
Fireworks,Fireworks
Flood,Flood
Flowers,Flowers
Flying,Flying
Forest,Forest
Fundraiser,Fundraiser
Geocaching,Geocaching
Grade 1,"Grade 1, School"
Grade 2,"Grade 2, School"
Grade 3,"Grade 3, School"
Grade 4,"Grade 4, School"
Grade 5,"Grade 5, School"
Grade 6,"Grade 6, School"
Grade 7,"Grade 7, School"
Grade 8,"Grade 8, School"
Grade 9,"Grade 9, School"
Grade 10,"Grade 10, School"
Grade 11,"Grade 11, School"
Grade 12,"Grade 12, School"
Graduation,"Graduation, Celebration"
Grandpa,Grandpa
Grandparents,Grandparents
Grove,Grove
Habitat,Habitat
Harbour,Harbour
Hedge,Hedge
High School,"High School, School"
Middle School,"Middle School, School"
Elementary School,"Elementary School, School"
Hike,"Hike, Hiking"
Hiking,"Hike, Hiking"
Home,Home
Horse,Horse
Horseback,Horseback
Hospital,Hospital
Hotel,Hotel
Hunt,Hunt
Hunting,Hunting
Inlet,Inlet
Juncos,"Juncos, Bird, Wildlife"
Kindergarten,"Kindergarten, School"
Koala,Koala
Lagoon,Lagoon
Lake,Lake
Leaf,Leaf
Learning,Learning
Legislature,Legislature
Lego,Lego
Letter,Letter
Luminara,"Luminara, Celebration"
Market,Market
Martial Arts,Martial Arts
Maternity,Maternity
Meadow,Meadow
Memorial,Memorial
Mine,Mine
Miniature,Miniature
Monkey,"Monkey, Wildlife"
Montage,Montage
Mountain,Mountain
Moving,Moving
Museum,Museum
Mushroom,Mushroom
Nana,Nana
Ninjutsu,"Ninjutsu, Martial Arts"
Ocean,Ocean
Opening,Opening
Orchid,Orchid
Paintball,Paintball
Painting,"Painting, Art"
Park,Park
Party,"Party, Celebration"
Patio,Patio
Photobook,Photobook
Picnic,Picnic
Playground,Playground
PNE,PNE
Practice,Practice
Prewedding,Prewedding
Prison,Prison
Project,Project
Pumpkins,Pumpkins
Rafting,Rafting
Rail,Rail
Railway,Railway
Rainforest,Rainforest
Reading,Reading
Reception,Reception
Reef,Reef
Renos,Renos
Renovations,Renovations
Reptile,Reptile
Retirement,"Retirement, Celebration"
Ride,Ride
Riding,Riding
River,River
Romeos,Romeos
Scenic,Scenic
School,School
Scrapbook,Scrapbook
Sea,Sea
Senior Secondary,Senior Secondary
SFU,SFU
Ships,Ships
Shower,Shower
Sitting,Sitting
Sky,Sky
Skyrail,Skyrail
Skytrain,Skytrain
Snake,"Snake, Wildlife"
Snow,Snow
Snowbirds,Snowbirds
Snowman,Snowman
Stones,Stones
Sunset,Sunset
Teepee,Teepee
Temple,Temple
Tiger,"Tiger, Wildlife"
Tour,Tour
Tower,Tower
Town,Town
Townhouse,Townhouse
Train,Train
Training,Training
Travelling,Travelling
Trip,Trip
University,"University, School"
Vacation,Vacation
Visit,Visit
Walk,Walk
Walking,Walk
Watching,Watching
Wedding,"Wedding, Celebration"
Weekend,Weekend
Wharf,Wharf
Wildlife,Wildlife
Work,Work
Working,Work
